Date,Daily Average,Weekly Average
2020-01-01,3.95120908333333,3.72113879761905
2020-01-02,1.77141666666667,3.48618835119048
2020-01-03,2.13545833333333,3.11275977976191
2020-01-04,2.69966666666667,2.98864073214286
2020-01-05,2.758,2.85329251785714
2020-01-06,3.47159754166667,2.94456463690476
2020-01-07,2.875125,2.80892475595238
2020-01-08,3.05379166666667,2.68072226785714
2020-01-09,3.06116802083333,2.86497246130952
2020-01-10,4.48643777083333,3.20082666666667
2020-01-11,3.266721375,3.28183448214286
2020-01-12,3.5584795,3.39618869642857
2020-01-13,3.688708125,3.42720449404762
2020-01-14,4.95008333333333,3.72362711309524
2020-01-15,3.00642279166667,3.71686013095238
2020-01-16,3.92141645833333,3.83975276488095
2020-01-17,3.10796808333333,3.64282852380952
2020-01-18,3.82359533333333,3.72238194642857
2020-01-19,4.13827527083333,3.80520991369048
2020-01-20,2.8328125,3.68293911011905
2020-01-21,5.20482920833333,3.71933137797619
2020-01-22,5.77310416666667,4.11457157440476
2020-01-23,3.74294685416667,4.08907591666667
2020-01-24,3.59139583333333,4.15813702380952
2020-01-25,3.57597316666667,4.12276242857143
2020-01-26,3.51322895833333,4.03347009821429
2020-01-27,3.64818685416667,4.14995214880952
2020-01-28,3.777625,3.94606583333333
2020-01-29,3.40916666666667,3.60836047619048
2020-01-30,2.49027083333333,3.42940675892857
2020-01-31,3.25636808333333,3.38154565178571
2020-02-01,3.308120375,3.34328096726191
2020-02-02,3.74914583333333,3.37698337797619
2020-02-03,2.572125,3.22326025595238
2020-02-04,3.45785416666667,3.17757870833333
2020-02-05,1.72297916666667,2.9366947797619
2020-02-06,3.71370995833333,3.11147179761905
2020-02-07,3.1534433125,3.09676825892857
2020-02-08,3.0098964375,3.05416483928571
2020-02-09,3.42895833333333,3.00842376785714
2020-02-10,4.02097916666667,3.21540293452381
2020-02-11,3.38233333333333,3.20461424404762
2020-02-12,2.3898914375,3.29988742559524
2020-02-13,3.68810416666667,3.29622945535714
2020-02-14,3.86975,3.39855898214286
2020-02-15,3.15110416666667,3.41873151488095
2020-02-16,3.11412527083333,3.37375536309524
2020-02-17,3.20964266666667,3.25785014880952
2020-02-18,2.83152083333333,3.17916264880952
2020-02-19,2.85423710416667,3.24549774404762
2020-02-20,2.5774375,3.08683107738095
2020-02-21,3.31364583333333,3.007387625
2020-02-22,4.111717875,3.14461815476191
2020-02-23,3.21298952083333,3.15874161904762
2020-02-24,4.13668672916667,3.29117648511905
2020-02-25,4.795,3.57167350892857
2020-02-26,3.35974291666667,3.643888625
2020-02-27,3.23588372916667,3.73795237202381
2020-02-28,2.58573764583333,3.63396548809524
2020-02-29,2.3646111875,3.38437881845238
2020-03-01,1.91668795833333,3.19919288095238
2020-03-02,3.63039583333333,3.12686561011905
2020-03-03,4.05318489583333,3.02089202380952
2020-03-04,12.2890825416667,4.2965119702381
2020-03-05,2.63204166666667,4.21024881845238
2020-03-06,3.94091666666667,4.40384582142857
2020-03-07,1.61942945833333,4.29739128869048
2020-03-08,2.15112620833333,4.33088246726191
2020-03-09,2.99044154166667,4.23946042559524
2020-03-10,2.75340952083333,4.05377822916667
2020-03-11,3.42808447916667,2.78792136309524
2020-03-12,3.23783333333333,2.87446302976191
2020-03-13,2.7382244375,2.70264985416667
2020-03-14,2.37981558333333,2.81127644345238
2020-03-15,3.43579166666667,2.99480008035714
2020-03-16,2.0959858125,2.86702069047619
2020-03-17,2.716075375,2.86168724107143
2020-03-18,3.59912135416667,2.88612108035714
2020-03-19,3.47625,2.92018060416667
2020-03-20,2.15536433333333,2.836914875
2020-03-21,2.16881283333333,2.806771625
2020-03-22,2.2323280625,2.63484825297619
2020-03-23,1.92545872916667,2.61048724107143
2020-03-24,1.17250108333333,2.38997662797619
2020-03-25,1.42672552083333,2.07963436607143
2020-03-26,2.31692802083333,1.91401694047619
2020-03-27,2.24227058333333,1.92643211904762
2020-03-28,1.62756270833333,1.84911067261905
2020-03-29,2.72852173913043,1.91999548356625
2020-03-30,3.01276035416667,2.07532428713768
2020-03-31,3.01254452083333,2.33818763535197
2020-04-01,3.60960416666667,2.65002744189959
2020-04-02,2.80656275,2.71997526035197
2020-04-03,2.63385416666667,2.77591577225673
2020-04-04,2.904758,2.95837224249482
2020-04-05,1.62678858333333,2.80098179166667
2020-04-06,1.42669779166667,2.57440142559524
2020-04-07,2.54144679166667,2.50710175
2020-04-08,1.93017804166667,2.26718373214286
2020-04-09,3.2409015625,2.32923213392857
2020-04-10,3.70686139583333,2.48251888095238
2020-04-11,1.8584763125,2.33305006845238
2020-04-12,3.32550729166667,2.57572416964286
2020-04-13,0.323791666666668,2.41816615178571
2020-04-14,1.1494101875,2.21930377976191
2020-04-15,2.06268804166667,2.2382337797619
2020-04-16,2.9364545,2.1947413422619
2020-04-17,2.687625,2.04913614285714
2020-04-18,2.87197916666667,2.19392226488095
2020-04-19,2.19775016666667,2.03281410416667
2020-04-20,0.172391270833333,2.01118547619048
2020-04-21,1.30777072916667,2.03380841071429
2020-04-22,3.53799352083333,2.24456633630952
2020-04-23,3.4800736875,2.32222622023809
2020-04-24,1.6126875,2.1686637202381
2020-04-25,3.00829166666667,2.18813693452381
2020-04-26,2.29114647916667,2.20147926488095
2020-04-27,1.58254197916667,2.40292936607143
2020-04-28,3.39016666666667,2.7004145
2020-04-29,2.23258295833333,2.51392727678571
2020-04-30,2.10658297916667,2.31771431845238
2020-05-01,3.02039583333333,2.51881550892857
2020-05-02,2.4455838125,2.43842867261905
2020-05-03,3.56322916666667,2.62015477083333
2020-05-04,2.8278544375,2.79805655059524
2020-05-05,2.0409870625,2.60531660714286
2020-05-06,2.24570875,2.6071917202381
2020-05-07,3.50847916666667,2.80746260416667
2020-05-08,2.76029166666667,2.77030486607143
2020-05-09,3.54727352083333,2.92768911011905
2020-05-10,2.50372916666667,2.7763319672619
2020-05-11,0.651354395833333,2.46540338988095
2020-05-12,2.0740625,2.47012845238095
2020-05-13,2.02279858333333,2.43828414285714
2020-05-14,2.6679291875,2.31820557440476
2020-05-15,2.39235416666667,2.26564307440476
2020-05-16,1.99920833333333,2.04449090476191
2020-05-17,2.62702083333333,2.062104
2020-05-18,3.04177079166667,2.40359205654762
2020-05-19,2.45484395833333,2.4579894077381
2020-05-20,2.563086125,2.53517334226191
2020-05-21,2.216771,2.47072217261905
2020-05-22,-1.66300416666667,1.89138526785714
2020-05-23,2.54696425,1.96963611309524
2020-05-24,0.350790833333333,1.64446039880952
2020-05-25,3.37335410416667,1.69182944345238
2020-05-26,2.89907264583333,1.75529068452381
2020-05-27,2.64913927083333,1.76758399107143
2020-05-28,2.52460525,1.8115603125
2020-05-29,2.11634733333333,2.35146766964286
2020-05-30,1.549733,2.2090060625
2020-05-31,2.42085416666667,2.50472939583333
2020-06-01,2.809572125,2.42418911309524
2020-06-02,3.434,2.50060730654762
2020-06-03,2.010907125,2.40943128571429
2020-06-04,3.06647929166667,2.48684186309524
2020-06-05,1.516375625,2.40113161904762
2020-06-06,0.525458333333333,2.25480666666667
2020-06-07,2.54746791666667,2.2728943452381
2020-06-08,3.42497979166667,2.36080972619048
2020-06-09,2.8266736875,2.27404882440476
2020-06-10,2.5978763125,2.35790156547619
2020-06-11,3.08712514583333,2.36085097321429
2020-06-12,3.21258345833333,2.60316637797619
2020-06-13,3.21447922916667,2.9873122202381
2020-06-14,3.01297916666667,3.05381382738095
2020-06-15,3.61285416666667,3.08065302380952
2020-06-16,2.67718789583333,3.05929791071429
2020-06-17,2.9180109375,3.10503142857143
2020-06-18,3.34688422916667,3.14213986904762
2020-06-19,2.9633125,3.10652973214286
2020-06-20,2.967812375,3.07129161011905
2020-06-21,1.15637541666667,2.80606250297619
2020-06-22,2.59586097916667,2.66077776190476
2020-06-23,3.39928697916667,2.76393477380952
2020-06-24,3.18847916666667,2.80257309226191
2020-06-25,3.17345833333333,2.77779796428571
2020-06-26,3.17347916666667,2.80782177380952
2020-06-27,1.86145833333333,2.64977119642857
2020-06-28,-1.6911451875,2.24298253869048
2020-06-29,2.599604375,2.24351730952381
2020-06-30,3.53814583333333,2.26335428869048
2020-07-01,2.55364558333333,2.17266377678571
2020-07-02,3.23450083333333,2.18138413392857
2020-07-03,2.44437222916667,2.077226
2020-07-04,1.94900039583333,2.08973200892857
2020-07-05,2.55945860416667,2.69696112202381
2020-07-06,1.98765616666667,2.60953994940476
2020-07-07,2.5839565,2.4732271875
2020-07-08,3.19882422916667,2.56539556547619
2020-07-09,2.63658791666667,2.47997943452381
2020-07-10,2.72407125,2.5199364375
2020-07-11,2.45434183333333,2.59212807142857
2020-07-12,2.09289683333333,2.52547638988095
2020-07-13,2.78971925,2.64005683035714
2020-07-14,3.43914583333333,2.76222673511905
2020-07-15,3.04974316666667,2.74092944047619
2020-07-16,3.192596625,2.82035925595238
2020-07-17,2.25583333333333,2.753468125
2020-07-18,3.010771,2.83295800595238
2020-07-19,2.39297954166667,2.87582696428571
2020-07-20,2.5008130625,2.83455465178571
2020-07-21,3.32629604166667,2.81843325297619
2020-07-22,2.60687808333333,2.7551668125
2020-07-23,3.17381508333333,2.75248373511905
2020-07-24,3.991625,3.00045397321429
2020-07-25,3.6787178125,3.09587494642857
2020-07-26,2.75893860416667,3.1481548125
2020-07-27,2.43995833333333,3.1394612797619
2020-07-28,2.27795833333333,2.98969875
2020-07-29,2.29662629166667,2.94537706547619
2020-07-30,3.89472147916667,3.04836369345238
2020-07-31,3.6531474375,3.00000975595238
2020-08-01,2.362271,2.81194592559524
2020-08-02,2.7386884375,2.80905304464286
2020-08-03,2.832971125,2.86519772916667
2020-08-04,2.96093404166667,2.9627656875
2020-08-05,2.46445833333333,2.98674169345238
2020-08-06,3.84325129166667,2.97938880952381
2020-08-07,3.58435416666667,2.96956119940476
2020-08-08,3.156249,3.08298662797619
2020-08-09,4.02766679166667,3.26712639285714
2020-08-10,4.39225035416667,3.48988056845238
2020-08-11,4.97863714583333,3.77812386904762
2020-08-12,2.6227605625,3.80073847321429
2020-08-13,3.99875,3.82295257440476
2020-08-14,4.0192625,3.88508233630952
2020-08-15,4.295896,4.04788905059524
2020-08-16,4.112307125,4.05998052678571
2020-08-17,4.61197916666667,4.09137035714286
2020-08-18,3.47843833333333,3.87705624107143
2020-08-19,4.39054166666667,4.12959639880952
2020-08-20,3.61753860416667,4.07513762797619
2020-08-21,4.05756972916667,4.08061008928572
2020-08-22,2.967197,3.89079594642857
2020-08-23,2.48998785416667,3.65903605059524
2020-08-24,2.08487952083333,3.29802181547619
2020-08-25,3.2005604375,3.25832497321429
2020-08-26,4.04987845833333,3.20965880059524
2020-08-27,4.39772477083333,3.32111396726191
2020-08-28,3.4627735625,3.23614308630952
2020-08-29,4.24159814583333,3.41820039285714
2020-08-30,3.61157995833333,3.57842783630952
2020-08-31,3.50864158333333,3.78182241666667
2020-09-01,4.02855935416667,3.90010797619048
2020-09-02,4.47868772916667,3.96136644345238
2020-09-03,4.07749291666667,3.91561903571429
2020-09-04,3.96137583333333,3.98684793154762
2020-09-05,3.662848625,3.90416942857143
2020-09-06,4.33879166666667,4.00805681547619
2020-09-07,3.97894039583333,4.07524236011905
2020-09-08,4.44713291666667,4.13503858333333
2020-09-09,3.36112166666667,3.97538628869048
2020-09-10,4.8839231875,4.09059061309524
2020-09-11,3.87133333333333,4.07772739880952
2020-09-12,1.462070625,3.76333054166667
2020-09-13,3.32025779166667,3.61782570238095
2020-09-14,5.8718959375,3.88824792261905
2020-09-15,11.2651808541667,4.86225477083333
2020-09-16,4.4123125,5.01242488988095
2020-09-17,3.43004058333333,4.804727375
2020-09-18,2.758739125,4.6457853452381
2020-09-19,3.36081033333333,4.917033875
2020-09-20,3.52823027083333,4.94674422916667
2020-09-21,3.10220122916667,4.55107355654762
2020-09-22,3.89243535416667,3.49782419940476
2020-09-23,4.66835277083333,3.53440138095238
2020-09-24,5.23645983333333,3.79246127380952
2020-09-25,3.78841441666667,3.93955774404762
2020-09-26,4.2661875,4.06889733928571
2020-09-27,3.329855,4.04055801488095
2020-09-28,5.946020375,4.44681789285714
2020-09-29,5.556875,4.68459498511905
2020-09-30,5.35682295833333,4.78294786904762
2020-10-01,3.68207014583333,4.56089219940476
2020-10-02,4.048375,4.59802942559524
2020-10-03,5.18075,4.72868121130952
2020-10-04,4.13949997916667,4.8443447797619
2020-10-05,4.83527108333333,4.68566630952381
2020-10-06,4.38297916666667,4.51796690476191
2020-10-07,4.15665027083333,4.34651366369048
2020-10-08,5.40625191666667,4.5928253452381
2020-10-09,4.24803895833333,4.62134876785714
2020-10-10,4.59431358333333,4.53757213690476
2020-10-11,4.39004770833333,4.57336466964286
2020-10-12,4.40048372916667,4.51125219047619
2020-10-13,4.919406875,4.5878847202381
2020-10-14,5.02081277083333,4.71133650595238
2020-10-15,4.75541341666667,4.61835957738095
2020-10-16,4.58016666666667,4.66580639285714
2020-10-17,4.6765685625,4.67755710416667
2020-10-18,5.22108333333333,4.79627647916667
2020-10-19,4.0899375,4.75191273214286
2020-10-20,4.72731966666667,4.72447170238095
2020-10-21,4.3089794375,4.62278122619048
2020-10-22,3.75566666666667,4.47996026190476
2020-10-23,4.96071072916667,4.53432369940476
2020-10-24,3.981661875,4.43505131547619
2020-10-25,2.31058778,4.01926623642857
2020-10-26,3.36598604166667,3.91584459952381
2020-10-27,4.1864169375,3.83857278107143
2020-10-28,4.6175,3.88264714714286
2020-10-29,3.46402295833333,3.8409837602381
2020-10-30,4.06702133333334,3.71331384654762
2020-10-31,2.9640625,3.56794250726191
2020-11-01,0.805333333333333,3.3529061577381
2020-11-02,2.79580772916667,3.27145211309524
2020-11-03,4.6805006875,3.34203550595238
2020-11-04,2.66760416666667,3.06347895833333
2020-11-05,4.57100089583333,3.22161866369048
2020-11-06,4.80380633333333,3.32687366369048
2020-11-07,4.78822916666667,3.58746890178571
2020-11-08,5.9183750625,4.31790343452381
2020-11-09,6.71802666666667,4.87822042559524
2020-11-10,3.34145175,4.6869277202381
2020-11-11,4.00124316666667,4.87744757738095
2020-11-12,3.18900047916667,4.68001894642857
2020-11-13,4.01583333333333,4.567451375
2020-11-14,4.20748535416667,4.48448797321429
2020-11-15,1.89729095833333,3.91004738690476
2020-11-16,3.03991660416667,3.3846030922619
2020-11-17,4.13932354166667,3.49858477678571
2020-11-18,3.426110125,3.41642291369048
2020-11-19,3.21072916666667,3.41952701190476
2020-11-20,3.6873181875,3.37259627678571
2020-11-21,2.6992980625,3.15714094940476
2020-11-22,2.85647916666667,3.29416783630952
2020-11-23,3.88580816666667,3.41500948809524
2020-11-24,4.639750375,3.48649903571429
2020-11-25,3.75652083333333,3.53370056547619
2020-11-26,5.438528125,3.85195755952381
2020-11-27,5.5071155625,4.11192861309524
2020-11-28,5.8524581875,4.56238005952381
2020-11-29,5.69731433333333,4.96821365476191
2020-11-30,3.53032729166667,4.91743067261905
2020-12-01,6.46800508333333,5.17860991666667
2020-12-02,7.12350016666667,5.65960696428571
2020-12-03,6.32912827083333,5.78683555654762
2020-12-04,3.62551875,5.51803601190476
2020-12-05,4.82292358333333,5.37095963988095
2020-12-06,9.16185416666666,5.86589390178572
2020-12-07,12.2035940416667,7.10493200892857
2020-12-08,5.071791,6.90547285416667
2020-12-09,5.91318764583333,6.73257106547619
2020-12-10,3.64704895833333,6.34941687797619
2020-12-11,5.33983354166667,6.59431899107143
2020-12-12,5.42777083333333,6.68072574107143
2020-12-13,4.35004166666667,5.99332395535714
2020-12-14,5.09841666666667,4.97829861607143
2020-12-15,4.44771804166667,4.88914533630952
2020-12-16,5.20954158333333,4.7886244702381
2020-12-17,5.307352375,5.02581067261905
2020-12-18,4.22819989583333,4.86700586607143
2020-12-19,4.62782572916667,4.75272799404762
2020-12-20,5.91752083333333,4.97665358928572
2020-12-21,6.2221721875,5.1371900922619
2020-12-22,4.287031875,5.11423492559524
2020-12-23,4.9841875,5.08204148511905
2020-12-24,5.4100625,5.09671436011905
2020-12-25,6.16906220833333,5.3739804047619
2020-12-26,2.45160416666667,5.06309161011905
2020-12-27,5.40114316666667,4.98932337202381
2020-12-28,10.7007919375,5.62912619345238
2020-12-29,8.0150485625,6.16170000595238
2020-12-30,8.26834470833333,6.63086532142857
2020-12-31,6.9459375,6.85027603571429
2021-01-01,6.33225752083334,6.87358965178571
2021-01-02,6.28723839583334,7.42153739880953
2021-01-03,5.51702083333333,7.43809135119048
2021-01-04,6.30155845833333,6.80962942559524
2021-01-05,6.87397916666667,6.64661951190476
2021-01-06,8.94266654166667,6.74295120238095
2021-01-07,17.1473037708333,8.20028924107143
2021-01-08,25.3021318958333,10.9102712946429
2021-01-09,7.226625,11.0444693809524
2021-01-10,6.28622852083333,11.1543561934524
2021-01-11,5.97091489583333,11.1071213988095
2021-01-12,8.79361785416667,11.3813554970238
2021-01-13,9.67820577083333,11.4864325297619
2021-01-14,4.32470833333333,9.65463318154762
2021-01-15,7.2228106875,7.07187300892857
2021-01-16,5.6445628125,6.845864125
2021-01-17,4.798289875,6.63330146130952
2021-01-18,5.6378093125,6.58571494940476
2021-01-19,5.993,6.18562668452381
2021-01-20,9.55110241666667,6.1674690625
2021-01-21,6.69474322916667,6.50604547619048
2021-01-22,8.19804166666667,6.6453641875
2021-01-23,8.04633333333333,6.98847426190476
2021-01-24,5.68529166666667,7.11518880357143
2021-01-25,6.1054424375,7.18199353571429
2021-01-26,8.12864585416667,7.48708580059524
2021-01-27,7.39164583333333,7.17859200297619
2021-01-28,6.7833488125,7.19124994345238
2021-01-29,5.98300027083333,6.87481545833334
2021-01-30,4.0609625,6.30547676785714
2021-01-31,4.13464602083333,6.08395596130952
2021-02-01,10.0638125,6.64943739880952
2021-02-02,5.9533125,6.33867549107143
2021-02-03,6.59489583333333,6.2248540625
2021-02-04,6.5480625,6.19124173214286
2021-02-05,5.23898320833333,6.08495358035714
2021-02-06,5.33806277083333,6.26739647619048
2021-02-07,2.82746847916667,6.08065682738095
2021-02-08,6.46211027083333,5.5661279375
2021-02-09,5.04278141666667,5.43605206845238
2021-02-10,8.14074002083333,5.65688695238095
2021-02-11,6.4978544375,5.64971437202381
2021-02-12,5.98822916666667,5.75674950892857
2021-02-13,6.04852083333333,5.85824351785714
2021-02-14,6.43291666666667,6.37330754464286
2021-02-15,6.08514908333333,6.31945594642857
2021-02-16,3.6518875,6.12075681547619
2021-02-17,3.425577875,5.44716222321429
2021-02-18,3.69885416666667,5.04730504166667
2021-02-19,3.870031,4.74470530357143
2021-02-20,4.462765625,4.5181688452381
2021-02-21,3.59295975,4.11246071428572
2021-02-22,5.119510125,3.97451229166667
2021-02-23,3.71249416666667,3.98317038690476
2021-02-24,3.377356625,3.97628163690476
2021-02-25,4.00117616666667,4.01947049404762
2021-02-26,4.26747916666667,4.07624880357143
2021-02-27,5.593726125,4.23781458928572
2021-02-28,4.61950575,4.38446401785714
2021-03-01,6.19672920833333,4.53835245833333
2021-03-02,7.51434514583333,5.08147402678572
2021-03-03,12.1548200625,6.335397375
2021-03-04,6.60904175,6.70794960119048
2021-03-05,5.110892625,6.82843723809524
2021-03-06,5.94625,6.87879779166667
2021-03-07,7.9986536875,7.36153321130952
2021-03-08,5.01120833333333,7.19217308630952
2021-03-09,5.29204166666667,6.87470116071429
2021-03-10,5.82960789583333,5.97109942261905
2021-03-11,3.4640174375,5.52181023511905
2021-03-12,5.2999329375,5.54881599404762
2021-03-13,7.0556669375,5.70730412797619
2021-03-14,2.95100614583333,4.98621162202381
2021-03-15,4.37802083333333,4.89575626488095
2021-03-16,4.13943502083333,4.73109817261905
2021-03-17,5.96858072916667,4.75095143452381
2021-03-18,5.09831472916667,4.98442247619048
2021-03-19,5.3306669375,4.98881304761905
2021-03-20,5.306151375,4.73888225297619
2021-03-21,5.68655895833333,5.12967551190476
2021-03-22,4.66365314583333,5.17048012797619
2021-03-23,5.49233333333333,5.36375131547619
2021-03-24,3.95950647916667,5.07674070833333
2021-03-25,5.67075510416667,5.15851790476191
2021-03-26,4.92807697916667,5.10100505357143
2021-03-27,4.87764625,5.03979003571429
2021-03-28,5.07839280434783,4.9529091565735
2021-03-29,2.89777083333333,4.70064025478779
2021-03-30,4.42099025,4.54759124288302
2021-03-31,4.77172916666667,4.66362305538302
2021-04-01,6.07500022916667,4.72137235895445
2021-04-02,4.8241045,4.70651914764493
2021-04-03,3.9796484375,4.57823374585921
2021-04-04,4.65041666666667,4.51709429761905
2021-04-05,5.30527154166667,4.86102297023809
2021-04-06,6.75614583333333,5.194616625
2021-04-07,10.1512504791667,5.96311966964286
2021-04-08,4.80768983333333,5.78207532738095
2021-04-09,6.57448966666667,6.03213035119048
2021-04-10,7.21823597916667,6.49478571428571
2021-04-11,5.86229166666667,6.66791071428571
2021-04-12,29.343125,10.1018897797619
2021-04-13,8.601038,10.3654458035714
2021-04-14,7.2549375,9.95168680654762
2021-04-15,6.74993760416667,10.2291507738095
2021-04-16,7.817558875,10.4067320892857
2021-04-17,6.83923795833333,10.352589514881
2021-04-18,4.8284375,10.2048960625
2021-04-19,5.16589154166667,6.75100556845238
2021-04-20,5.4652595625,6.3030372202381
2021-04-21,6.74517254166667,6.23021365476191
2021-04-22,6.5350625,6.19951721130953
2021-04-23,6.43152083333334,6.00151177678572
2021-04-24,5.83129183333333,5.85751947321429
2021-04-25,4.69205445833333,5.83803618154762
2021-04-26,5.18870833333333,5.84129572321429
2021-04-27,6.99754104166667,6.06019307738095
2021-04-28,7.44586839583334,6.16029248511905
2021-04-29,8.5880878125,6.45358181547619
2021-04-30,8.2158715625,6.7084890625
2021-05-01,7.4949874375,6.94615986309524
2021-05-02,8.455286375,7.48376442261905
2021-05-03,6.94864745833333,7.73518429761905
2021-05-04,5.47743720833333,7.51802660714286
2021-05-05,8.30379166666667,7.64058707440476
2021-05-06,7.939923625,7.54799219047619
2021-05-07,7.6600095625,7.46858333333333
2021-05-08,8.55916666666667,7.6206089375
2021-05-09,6.57631322916667,7.35218420238095
2021-05-10,6.18768647916667,7.24347549107143
2021-05-11,5.40708322916667,7.23342492261905
2021-05-12,6.96904745833333,7.04274717857143
2021-05-13,8.30750170833333,7.09525833333333
2021-05-14,10.7514743333333,7.53689615773809
2021-05-15,9.86208333333333,7.72302711011905
2021-05-16,8.91928097916667,8.05773678869048
2021-05-17,9.67271633333333,8.55559819642857
2021-05-18,6.97383964583333,8.77942054166667
2021-05-19,7.892633,8.91136133333333
2021-05-20,7.11757975,8.74137248214286
2021-05-21,6.5734375,8.14451007738095
2021-05-22,8.65841666666667,7.97255769642857
2021-05-23,5.8929775625,7.54022863690476
2021-05-24,6.8739375,7.14040308928571
2021-05-25,9.37649952083333,7.48364021428571
2021-05-26,8.63299966666667,7.58940688095238
2021-05-27,5.88197975,7.4128925952381
2021-05-28,7.15584864583333,7.4960941875
2021-05-29,6.48466502083333,7.18555823809524
2021-05-30,6.10191725,7.21540676488095
2021-05-31,6.75703783333333,7.1987068125
2021-06-01,6.5750425,6.79849866666667
2021-06-02,8.28231029166667,6.74840018452381
2021-06-03,5.42842202083333,6.68360622321428
2021-06-04,6.63833333333333,6.60967546428571
2021-06-05,5.45214610416667,6.46217276190476
2021-06-06,4.60271245833333,6.24800064880952
2021-06-07,4.68451952083333,5.95192660416667
2021-06-08,7.54814625,6.09094142559524
2021-06-09,7.547002375,5.9858974375
2021-06-10,7.80043352083333,6.32475622321429
2021-06-11,7.83743916666666,6.49605705654762
2021-06-12,8.51213020833333,6.93319764285714
2021-06-13,6.61567291666667,7.22076342261905
2021-06-14,8.44122997916667,7.7574363452381
2021-06-15,8.0660219375,7.83141858630952
2021-06-16,8.478458625,7.96448376488095
2021-06-17,9.2108338125,8.16596952083333
2021-06-18,8.96445875,8.32697231845238
2021-06-19,9.389626,8.45232886011905
2021-06-20,6.5720841875,8.44610189880953
2021-06-21,6.61847916666667,8.18570892559524
2021-06-22,5.76885447916667,7.85754214583333
2021-06-23,9.2621669375,7.96950047619048
2021-06-24,9.20246939583333,7.96830555952381
2021-06-25,8.35912666666667,7.88182954761905
2021-06-26,8.5972089375,7.76862711011905
2021-06-27,7.90877266666667,7.95958260714286
2021-06-28,12.5721900625,8.81011273511905
2021-06-29,7.5525404375,9.06492501488095
2021-06-30,8.26512566666667,8.92249054761905
2021-07-01,9.52916125,8.9691608125
2021-07-02,9.71314179166667,9.16259154464286
2021-07-03,9.55631275,9.299606375
2021-07-04,7.37525045833333,9.22338891666667
2021-07-05,8.64502120833333,8.66236479464286
2021-07-06,9.30683358333333,8.91297810119048
2021-07-07,8.879687875,9.00077270238095
2021-07-08,10.9650206875,9.20589547916667
2021-07-09,11.1273948333333,9.40793162797619
2021-07-10,10.3962294791667,9.52791973214286
2021-07-11,10.5232094375,9.9776281577381
2021-07-12,9.0599169375,10.0368989761905
2021-07-13,9.81582702083333,10.1096123244048
2021-07-14,8.77973754166667,10.0953337053571
2021-07-15,8.6877473125,9.7700089375
2021-07-16,9.3822720625,9.52070568452381
2021-07-17,8.18804470833333,9.2052507172619
2021-07-18,11.0158335625,9.27562559226191
2021-07-19,11.7062914166667,9.65367908928572
2021-07-20,11.6266864791667,9.91237329761905
2021-07-21,11.1431861458333,10.2500088125
2021-07-22,12.1073963541667,10.7385301041667
2021-07-23,9.20333564583333,10.7129677589286
2021-07-24,6.19934983333333,10.4288684910714
2021-07-25,7.99939925,9.99794930357143
2021-07-26,8.3055005,9.51212202976191
2021-07-27,9.17867979166667,9.16240678869048
2021-07-28,10.2518359166667,9.03507104166667
2021-07-29,5.74191208333333,8.12571614583333
2021-07-30,9.67033360416667,8.19243013988095
2021-07-31,10.4119791666667,8.79423433035714
2021-08-01,8.4821249375,8.86319514285715
2021-08-02,7.79947485416667,8.79090576488095
2021-08-03,9.1435595,8.78588858035714
2021-08-04,10.4574595,8.81526337797619
2021-08-05,11.2676055833333,9.60464816369048
2021-08-06,10.7980841458333,9.76575538392857
2021-08-07,8.45525,9.48622264583334
2021-08-08,8.28304895833333,9.4577832202381
2021-08-09,11.720379125,10.0179124017857
2021-08-10,9.85229077083333,10.1191597261905
2021-08-11,10.2481353958333,10.0892562827381
2021-08-12,11.0446475,10.0574051279762
2021-08-13,10.3693269791667,9.99615410416667
2021-08-14,10.4582887708333,10.2823025
2021-08-15,11.1551165,10.6925978630952
2021-08-16,10.2043959375,10.4760288363095
2021-08-17,11.3645014375,10.6920589315476
2021-08-18,10.7258755416667,10.7603075238095
2021-08-19,13.2662921666667,11.0776853333333
2021-08-20,12.970458625,11.4492755684524
2021-08-21,12.0583354166667,11.6778536607143
2021-08-22,11.0952877708333,11.6693066994048
2021-08-23,11.6227119375,11.8719232708333
2021-08-24,11.2972083333333,11.8623099702381
2021-08-25,12.1847134375,12.0707153839286
2021-08-26,10.8180208541667,11.7209623392857
2021-08-27,10.6098752291667,11.383736139881
2021-08-28,9.09980452083333,10.9610888690476
2021-08-29,10.4275677708333,10.865700297619
2021-08-30,12.2837979791667,10.9601411607143
2021-08-31,13.5055391666667,11.2756169940476
2021-09-01,13.73264675,11.4967503244048
2021-09-02,15.1852783333333,12.12064425
2021-09-03,15.1970031875,12.7759482440476
2021-09-04,13.9642716666667,13.4708721220238
2021-09-05,12.2912610625,13.7371140208333
2021-09-06,11.6849790833333,13.6515684642857
2021-09-07,35.6318557708333,16.8124708363095
2021-09-08,20.0766669375,17.7187594345238
2021-09-09,76.0779785833334,26.4177166130952
2021-09-10,16.1050295833333,26.5474346696429
2021-09-11,11.8635416666667,26.2473303839286
2021-09-12,11.9585208333333,26.1997960654762
2021-09-13,10.3540416666667,26.0096621488095
2021-09-14,16.2935325833333,23.2470445505952
2021-09-15,21.1848541666667,23.4053570119048
2021-09-16,9.8819375,13.9487797142857
2021-09-17,13.2436184791667,13.5400066994048
2021-09-18,17.7057614166667,14.3746095208333
2021-09-19,12.3182414791667,14.4259981845238
2021-09-20,11.4782087916667,14.5865934880952
2021-09-21,15.0807708333333,14.4133418095238
2021-09-22,16.4102525833333,13.7312558690476
2021-09-23,12.8718257291667,14.1583827589286
2021-09-24,15.4796251666667,14.4778122857143
2021-09-25,18.4187982291667,14.5796746875
2021-09-26,10.0422512083333,14.2545332202381
2021-09-27,10.4783541666667,14.1116968452381
2021-09-28,15.5423758333333,14.1776404166667
2021-09-29,13.80989725,13.8061610833333
2021-09-30,16.057998875,14.2613286755952
2021-10-01,17.2762502708333,14.5179894047619
2021-10-02,19.6273393541667,14.6906381369048
2021-10-03,10.1959677083333,14.7125976369048
2021-10-04,13.2080224583333,15.10255025
2021-10-05,15.9402511875,15.1593895863095
2021-10-06,18.7730416666667,15.8684102172619
2021-10-07,20.080329,16.4430288065476
2021-10-08,18.5104166666667,16.6193382916667
2021-10-09,14.5064583333333,15.887783860119
2021-10-10,10.88925,15.9868241875
2021-10-11,12.6990833333333,15.9141185982143
2021-10-12,14.9926547083333,15.778747672619
2021-10-13,18.0706702708333,15.6784089017857
2021-10-14,19.1639295416667,15.5474946934524
2021-10-15,14.4439791666667,14.9665750505952
2021-10-16,15.2052896666667,15.0664080982143
2021-10-17,17.2605416666667,15.9765926220238
2021-10-18,17.9611401666667,16.7283150267857
2021-10-19,17.1928839791667,17.0426334940476
2021-10-20,16.5870211666667,16.8306836220238
2021-10-21,17.31356,16.5663451160714
2021-10-22,18.8139772916667,17.1906305625
2021-10-23,16.79104275,17.4171667172619
2021-10-24,16.0967567916667,17.2509117351191
2021-10-25,14.3937933333333,16.7412907589286
2021-10-26,13.8948120833333,16.2701376309524
2021-10-27,20.6044375,16.84405425
2021-10-28,16.440625,16.71934925
2021-10-29,12.188913375,15.772911547619
2021-10-30,12.717125,15.1909232976191
2021-10-31,9.26780504,14.2153587616667
2021-11-01,11.5867296041667,13.8143496575
2021-11-02,41.4215989583333,17.7467477825
2021-11-03,18.3089385416667,17.418819359881
2021-11-04,18.9333428333333,17.7749219075
2021-11-05,16.9190833333333,18.4506604729762
2021-11-06,11.4980774375,18.2765108211905
2021-11-07,13.4318120416667,18.8713689642857
2021-11-08,19.1022730416667,19.9450180267857
2021-11-09,15.1873305208333,16.1972653928571
2021-11-10,16.0637831666667,15.8765289107143
2021-11-11,15.8402106875,15.434652889881
2021-11-12,15.7669585416667,15.2700636339286
2021-11-13,17.7770309375,16.1670569910714
2021-11-14,14.1796458333333,16.273890389881
2021-11-15,12.3032992708333,15.302608422619
2021-11-16,16.7265915208333,15.5225028511905
2021-11-17,14.9157297083333,15.3584952142857
2021-11-18,12.4848542291667,14.879158577381
2021-11-19,17.2579990833333,15.0921643690476
2021-11-20,19.2239791666667,15.2988712589286
2021-11-21,18.8477668333333,15.9657456875
2021-11-22,15.0251474583333,16.3545811428571
2021-11-23,17.5849583333333,16.4772049732143
2021-11-24,31.7950831041667,18.8885411726191
2021-11-25,21.2393787083333,20.1391875267857
2021-11-26,21.9914801666667,20.815399110119
2021-11-27,23.4351875,21.4170003005952
2021-11-28,25.3224708333333,22.341958014881
2021-11-29,25.4238012708333,23.8274799880952
2021-11-30,20.3476480208333,24.2221499434524
2021-12-01,18.7645625,22.360647
2021-12-02,27.5668419166667,23.2645703154762
2021-12-03,23.2470089166667,23.4439315654762
2021-12-04,16.9087553541667,22.5115841160714
2021-12-05,16.3824539166667,21.2344388422619
2021-12-06,24.1572487291667,21.053502764881
2021-12-07,21.1797916666667,21.1723804285714
2021-12-08,20.1744937708333,21.3737991815476
2021-12-09,23.482059125,20.7902587827381
2021-12-10,25.4259580416667,21.1015372291667
2021-12-11,23.0850791041667,21.9838691934524
2021-12-12,15.9881084791667,21.9275341309524
2021-12-13,25.3248966666667,22.0943409791667
2021-12-14,16.2376391875,21.3883191964286
2021-12-15,23.2139583333333,21.8225284196429
2021-12-16,21.4731042291667,21.5355348630952
2021-12-17,27.5345833333333,21.8367670476191
2021-12-18,32.2465707291667,23.1455515654762
2021-12-19,30.2223870833333,25.1790199375
2021-12-20,30.5608134583333,25.9270080505952
2021-12-21,35.10578475,28.6224574166667
2021-12-22,44.8195833333333,31.7089752738095
2021-12-23,33.8516041666667,33.4773324077381
2021-12-24,16.4600840833333,31.8952610863095
2021-12-25,13.6027085,29.2318521964286
2021-12-26,17.5907291666667,27.4273296369048
2021-12-27,15.1015225833333,25.2188595119048
2021-12-28,18.9550625,22.9116134761905
2021-12-29,11.7887723125,18.1929261875
2021-12-30,8.09358333333334,14.5132089255952
2021-12-31,7.71187277083334,13.263464452381
2022-01-01,0.236020416666667,11.3539375833333
2022-01-02,3.4743386875,9.33731037202381
2022-01-03,5.75308333333334,8.00181905059524
2022-01-04,15.110407375,7.45258260416667
2022-01-05,20.4405627083333,8.68855266071429
2022-01-06,17.1477708333333,9.98200801785714
2022-01-07,21.442501,11.9435263363095
2022-01-08,18.5767508125,14.5636306785714
2022-01-09,19.5558958333333,16.860995985119
2022-01-10,20.6881071666667,18.9945708184524
2022-01-11,17.2564583333333,19.3011495267857
2022-01-12,16.919905875,18.7981985505952
2022-01-13,14.686625,18.4466062886905
2022-01-14,24.1142445625,18.8282839404762
2022-01-15,24.28125,19.6432123958333
2022-01-16,18.6760907916667,19.5175259613095
2022-01-17,23.2051392916667,19.8771019791667
2022-01-18,24.8258541666667,20.9584442410714
2022-01-19,18.2989166666667,21.1554457827381
2022-01-20,19.0741106458333,21.7822294464286
2022-01-21,15.7160352916667,20.582485264881
2022-01-22,18.2749166666667,19.7244376458333
2022-01-23,17.4741984791667,19.5527387440476
2022-01-24,77.7903897916667,27.350631672619
2022-01-25,28.7641319583333,27.9132427857143
2022-01-26,18.8695217083333,27.9947577916667
2022-01-27,20.4413691875,28.1900804404762
2022-01-28,19.7226941041667,28.7624602708333
2022-01-29,18.9829663125,28.8636102202381
2022-01-30,17.6720588958333,28.8918759940476
2022-01-31,17.8995905208333,20.3360475267857
2022-02-01,13.4226147291667,18.1444022083333
2022-02-02,16.157188,17.7569259642857
2022-02-03,13.6399578958333,16.7852957797619
2022-02-04,16.8873874166667,16.3802519672619
2022-02-05,13.1037325208333,15.5403614255952
2022-02-06,13.9128127291667,15.0033262589286
2022-02-07,17.2374017083333,14.9087278571429
2022-02-08,10.765179,14.5290941815476
2022-02-09,14.7465008333333,14.3275674434524
2022-02-10,16.7440629375,14.7710110208333
2022-02-11,12.6471306041667,14.165260047619
2022-02-12,12.6025885416667,14.0936680505952
2022-02-13,14.4097461875,14.1646585446429
2022-02-14,13.8240591875,13.6770381845238
2022-02-15,16.7281671041667,14.5288936279762
2022-02-16,16.0665625,14.7174738660714
2022-02-17,14.9302569375,14.4583587232143
2022-02-18,15.1127916666667,14.8105960178571
2022-02-19,17.9680833333333,15.5770952738095
2022-02-20,18.9826666666667,16.2303696279762
2022-02-21,22.3460416666667,17.4477956964286
2022-02-22,14.0995994375,17.0722860297619
2022-02-23,17.3182086041667,17.2510926160714
2022-02-24,22.6224545,18.3499779821429
2022-02-25,17.056089375,18.6275919404762
2022-02-26,16.5461801041667,18.4244629077381
2022-02-27,9.98752354166667,17.1394424613095
2022-02-28,18.8052253958333,16.6336115654762
2022-03-01,22.8687483541667,17.886347125
2022-03-02,26.2694625416667,19.1650976875
2022-03-03,31.8718125,20.4864345446429
2022-03-04,34.961625,23.0443682053571
2022-03-05,31.6127291666667,25.1967323571429
2022-03-06,30.468959875,28.1226518333333
2022-03-07,34.8556859375,30.4155747678571
2022-03-08,34.7463353333333,32.1123729077381
2022-03-09,27.8317556875,32.3355576428572
2022-03-10,24.9452085416667,31.3460427916667
2022-03-11,19.2897418541667,29.1072023422619
2022-03-12,15.9592107916667,26.8709854315476
2022-03-13,23.429875,25.8654018779762
2022-03-14,22.032625,24.0335360297619
2022-03-15,20.6197652916667,22.0154545952381
2022-03-16,23.7722276041667,21.4355220119048
2022-03-17,20.2975625,20.771572577381
2022-03-18,18.654646125,20.6808446160714
2022-03-19,7.11839547916667,19.417871
2022-03-20,13.7269427083333,18.0317378154762
2022-03-21,22.5317291666667,18.1030384107143
2022-03-22,21.6623125,18.2519737261905
2022-03-23,22.6065625,18.085450139881
2022-03-24,22.9043333333333,18.4578459732143
2022-03-25,21.1273541666667,18.8110899791667
2022-03-26,19.4914583333333,20.5786703869048
2022-03-27,17.1036304347826,21.0610543478261
2022-03-28,21.219330125,20.8735687704451
2022-03-29,25.4263358333333,21.4112863894928
2022-03-30,23.7786982916667,21.5787343597309
2022-03-31,24.5592083541667,21.8151450769928
2022-04-01,26.7247421666667,22.6147719341356
2022-04-02,24.6114108958333,23.3461937287785
2022-04-03,20.3032083333333,23.8032762857143
2022-04-04,17.9238541666667,23.3324940059524
2022-04-05,20.0380208333333,22.5627347202381
2022-04-06,20.4632929583333,22.0891053869048
2022-04-07,21.2076252708333,21.6103078035714
2022-04-08,21.1394409583333,20.8124076309524
2022-04-09,21.8031666666667,20.4112298839286
2022-04-10,18.16480875,20.1057442291667
2022-04-11,15.8892083333333,19.8150805386905
2022-04-12,20.8882293541667,19.9365388988095
2022-04-13,19.391854625,19.7834762797619
2022-04-14,16.0668512083333,19.049079985119
2022-04-15,13.346242625,17.9357659375
2022-04-16,11.2258570416667,16.4247217053571
2022-04-17,9.843535875,15.2359684375
2022-04-18,12.9492570625,14.8159753988095
2022-04-19,12.1128196666667,13.5623454434524
2022-04-20,15.5247991666667,13.0099089494048
2022-04-21,14.3066104166667,12.7584459791667
2022-04-22,14.9942291666667,12.9938726279762
2022-04-23,16.3518262083333,13.7261539375
2022-04-24,13.9130213541667,14.3075090059524
2022-04-25,22.216542,15.6314068541667
2022-04-26,15.774749125,16.1545396339286
2022-04-27,16.4966727916667,16.2933787232143
2022-04-28,17.884122125,16.8044518244048
2022-04-29,14.7472195416667,16.7691647351191
2022-04-30,9.85645833333333,15.8412550386905
2022-05-01,11.4675849166667,15.4919069761905
2022-05-02,16.846480125,14.7247552797619
2022-05-03,19.4474791666667,15.249431
2022-05-04,15.8305244375,15.1542669494048
2022-05-05,12.779431625,14.4250254494048
2022-05-06,12.2890594791667,14.0738597261905
2022-05-07,17.5996254583333,15.1800264583333
2022-05-08,13.9154166666667,15.5297167083333
2022-05-09,7.9483840625,14.2585601279762
2022-05-10,6.7765325,12.448424889881
2022-05-11,5.39489583333333,10.9576208035714
2022-05-12,7.46234797916667,10.1980374255952
2022-05-13,8.5938125,9.670145
2022-05-14,10.78186625,8.69617939880953
2022-05-15,11.3334345416667,8.32732480952381
2022-05-16,14.0594793333333,9.20033841964286
2022-05-17,13.6611129583333,10.1838499136905
2022-05-18,7.86038075,10.5360620446429
2022-05-19,12.0673981041667,11.1939263482143
2022-05-20,8.58335416666667,11.1924323005952
2022-05-21,12.8173387083333,11.4832140803571
2022-05-22,12.2969173125,11.6208544761905
2022-05-23,14.3014583333333,11.6554229047619
2022-05-24,12.1418125,11.4383799821429
2022-05-25,10.367396375,11.7965250714286
2022-05-26,10.8124791666667,11.6172509375
2022-05-27,12.4701313958333,12.172504827381
2022-05-28,16.2634189166667,12.664802
2022-05-29,16.1497904166667,13.2152124434524
2022-05-30,16.868162125,13.5818844136905
2022-05-31,13.2266120416667,13.7368557767857
2022-06-01,15.1419523958333,14.4189352083333
2022-06-02,16.42875,15.2212596130952
2022-06-03,12.3693006666667,15.2068552232143
2022-06-04,11.2900105416667,14.4963683125
2022-06-05,16.0821263958333,14.4867020238095
2022-06-06,14.6547211458333,14.1704961696429
2022-06-07,16.305744125,14.6103721815476
2022-06-08,14.4030416666667,14.5048135059524
2022-06-09,8.05410416666667,13.3084355297619
2022-06-10,2.64897916666667,11.919818172619
2022-06-11,9.48264572916667,11.6616231994048
2022-06-12,13.6863958333333,11.3193759761905
2022-06-13,14.8380418125,11.3455646428571
2022-06-14,19.506902375,11.8028729642857
2022-06-15,18.6112000208333,12.4040384434524
2022-06-16,19.3907805,14.0235636339286
2022-06-17,15.6015416666667,15.8739297053571
2022-06-18,18.3735652708333,17.1440610684524
2022-06-19,16.7533336875,17.582195047619
2022-06-20,15.960128,17.7424930744048
2022-06-21,23.3133848541667,18.2862762857143
2022-06-22,19.095952375,18.3555266220238
2022-06-23,22.7840548541667,18.8402801011905
2022-06-24,24.7769186458333,20.1510482410714
2022-06-25,12.0812293333333,19.2521431071429
2022-06-26,16.3001293125,19.187399625
2022-06-27,18.9822223541667,19.619127389881
2022-06-28,15.2768333333333,18.4710486011905
2022-06-29,20.8561055,18.722499047619
2022-06-30,25.4502563958333,19.1033849821429
2022-07-01,25.0017096458333,19.1354979821429
2022-07-02,17.5054171041667,19.9103819494048
2022-07-03,16.4330433333333,19.9293696666667
2022-07-04,13.402934375,19.1323285267857
2022-07-05,28.8677535208333,21.0738885535714
2022-07-06,22.2177919375,21.2684151875
2022-07-07,21.9123948333333,20.7630063928571
2022-07-08,23.1681875,20.5010746577381
2022-07-09,16.3454584583333,20.3353662797619
2022-07-10,20.2156618125,20.8757403482143
2022-07-11,31.4779382916667,23.457883764881
2022-07-12,35.3536545,24.3844410476191
2022-07-13,23.1391152708333,24.5160586666667
2022-07-14,20.706771125,24.3438267083333
2022-07-15,17.2392299166667,23.4968327678571
2022-07-16,14.1138128333333,23.17802625
2022-07-17,12.7576970416667,22.1126027113095
2022-07-18,28.3319553333333,21.6631765744048
2022-07-19,41.558604875,22.5495980565476
2022-07-20,18.9284166666667,21.9480696845238
2022-07-21,19.5885833333333,21.7883285714286
2022-07-22,26.1258945,23.0578520833333
2022-07-23,25.4400715,24.6758890357143
2022-07-24,24.9606534791667,26.4191685267857
2022-07-25,22.6119984166667,25.6020318244048
2022-07-26,23.5959171666667,23.0359335803571
2022-07-27,21.1565700625,23.3542412083333
2022-07-28,25.7736705416667,24.2378250952381
2022-07-29,33.4437213333333,25.2832289285714
2022-07-30,26.8448290833333,25.4839085833333
2022-07-31,24.1426886041667,25.3670564583333
2022-08-01,25.1296657708333,25.7267232232143
2022-08-02,21.0104710208333,25.3573737738095
2022-08-03,32.4450627291667,26.9700155833333
2022-08-04,28.2504656666667,27.3238434583333
2022-08-05,21.2961411458333,25.588474860119
2022-08-06,20.9964892291667,24.7529977380952
2022-08-07,18.0061458333333,23.8763487708333
2022-08-08,25.4997322291667,23.9292154077381
2022-08-09,26.6201476666667,24.7305977857143
2022-08-10,31.8326417708333,24.643109077381
2022-08-11,41.5661910416667,26.5453555595238
2022-08-12,34.4135184791667,28.4192666071429
2022-08-13,33.4934794791667,30.2045509285714
2022-08-14,36.39081225,32.8309318452381
2022-08-15,38.0874738125,34.6291806428571
2022-08-16,40.9910837916667,36.6821715178572
2022-08-17,39.0481587708333,37.7129596607143
2022-08-18,35.1998557708333,36.8034831934524
2022-08-19,33.1544557916667,36.6236170952381
2022-08-20,26.4019545416667,35.6105421041667
2022-08-21,38.231417,35.873485639881
2022-08-22,33.114,35.1629893809524
2022-08-23,52.3653936875,36.7878907946429
2022-08-24,50.7355866875,38.4575233541667
2022-08-25,49.2222672083333,40.4607249880952
2022-08-26,56.3781111041667,43.7783900327381
2022-08-27,44.7133320416667,46.3943011041667
2022-08-28,35.4992777916667,46.0039955029762
2022-08-29,39.7141733541667,46.9468774107143
2022-08-30,30.6677921875,43.8472200535714
2022-08-31,25.1490242291667,40.1919968452381
2022-09-01,36.6411552916667,38.3946951428571
2022-09-02,36.4484998125,35.5476078154762
2022-09-03,25.8555416666667,32.8536377619048
2022-09-04,27.7001955,31.7394831488095
2022-09-05,28.3048723541667,30.1095830059524
2022-09-06,22.6316041666667,28.9615561458333
2022-09-07,19.3306079375,28.1303538184524
2022-09-08,26.0673689791667,26.6198129166667
2022-09-09,24.0964139583333,24.8552292232143
2022-09-10,30.7512927708333,25.5546222380952
2022-09-11,25.537922125,25.2457260416667
2022-09-12,32.1258281666667,25.7915768720238
2022-09-13,25.2182291666667,26.1610947291667
2022-09-14,36.167496,28.566364452381
2022-09-15,27.4160833333333,28.7590379315476
2022-09-16,21.2645113333333,28.3544804136905
2022-09-17,14.4100870208333,26.0200224494048
2022-09-18,12.5999583333333,24.1717419077381
2022-09-19,22.8367485416667,22.8447305327381
2022-09-20,20.9693015416667,22.2377408720238
2022-09-21,24.4364732708333,20.5618804821429
2022-09-22,34.27998,21.5424371488095
2022-09-23,30.7374388125,22.8957125029762
2022-09-24,18.0790878333333,23.4198554761905
2022-09-25,17.8673190833333,24.1723355833333
2022-09-26,15.0897735,23.0656248630952
2022-09-27,25.3330661666667,23.6890198095238
2022-09-28,29.5356343125,24.4174713869048
2022-09-29,23.2128806666667,22.8364571964286
2022-09-30,21.7678401666667,21.5550859613095
2022-10-01,12.8671898333333,20.8105291041667
2022-10-02,11.5813987708333,19.9125404880952
2022-10-03,24.59248125,21.2700701666667
2022-10-04,16.669715625,20.0324486607143
2022-10-05,15.3441041666667,18.0050872113095
2022-10-06,12.3970211041667,16.4599644166667
2022-10-07,18.4145003958333,15.9809158779762
2022-10-08,13.7737929583333,16.110430610119
2022-10-09,13.5785429375,16.3957369196429
2022-10-10,12.8514375208333,14.7184449583333
2022-10-11,19.4603761666667,15.11711075
2022-10-12,19.4684286875,15.7062999672619
2022-10-13,16.2740625,16.2601630238095
2022-10-14,17.09217725,16.0712597172619
2022-10-15,11.4726886041667,15.7425305238095
2022-10-16,13.3193333333333,15.7055005803571
2022-10-17,7.111625,14.8855273630952
2022-10-18,6.2611875,12.9999289821429
2022-10-19,3.89571016666667,10.7752549077381
2022-10-20,14.0460444375,10.4569666130952
2022-10-21,16.546889875,10.3790684166667
2022-10-22,6.2651675,9.63513683035714
2022-10-23,9.190163875,9.04525547916667
2022-10-24,4.57202166666667,8.68245500297619
2022-10-25,7.10568777083333,8.80309789880952
2022-10-26,4.278,8.85771073214286
2022-10-27,8.993077,8.13585824107143
2022-10-28,8.392932375,6.97100716964286
2022-10-29,9.55223941666666,7.44058887202381
2022-10-30,9.83928168,7.53331998702381
2022-10-31,10.3625797291667,8.36054256738095
2022-11-01,8.14795989583333,8.5094385852381
2022-11-02,6.38678183333334,8.81069313285714
2022-11-03,11.6745628541667,9.19376254059524
2022-11-04,10.7816102708333,9.53500224
2022-11-05,12.4121433333333,9.94355994238095
2022-11-06,15.1634166666667,10.7041506547619
2022-11-07,8.499,10.4379249791667
2022-11-08,9.61076195833333,10.646896702381
2022-11-09,6.12948527083334,10.6101400505952
2022-11-10,5.8092080625,9.77223222321429
2022-11-11,6.6614169375,9.18363317559524
2022-11-12,14.9945002708333,9.55254130952381
2022-11-13,15.4002930416667,9.58638079166667
2022-11-14,11.3623731458333,9.99543409821429
2022-11-15,12.2421450208333,10.3713459642857
2022-11-16,14.8776881875,11.6210892380952
2022-11-17,9.89116727083334,12.2042262678571
2022-11-18,11.5589916666667,12.9038798005952
2022-11-19,7.36430416666667,11.8138517857143
2022-11-20,11.269105,11.2236820654762
2022-11-21,15.6961277708333,11.8427898690476
2022-11-22,12.9355835625,11.9418525178571
2022-11-23,14.2083629791667,11.8462346309524
2022-11-24,17.3029169375,12.9050560119048
2022-11-25,13.539375,13.1879679166667
2022-11-26,12.531875,13.9261923214286
2022-11-27,17.1470002708333,14.7658916458333
2022-11-28,19.7700208333333,15.3478763690476
2022-11-29,34.2468492708333,18.3923428988095
2022-11-30,31.7439903958333,20.8974325297619
2022-12-01,37.7803792916667,23.8227842946429
2022-12-02,29.402514125,26.0889470267857
2022-12-03,25.60262025,27.9561963482143
2022-12-04,29.5590968333333,29.729353
2022-12-05,28.4899980208333,30.9750640267857
2022-12-06,35.7113141666667,31.184273297619
2022-12-07,31.6660289583333,31.1731359494048
2022-12-08,34.736157,30.7382470505952
2022-12-09,38.1404883333333,31.9865290803571
2022-12-10,39.54761175,33.9786707232143
2022-12-11,41.2666676041667,35.6511808333333
2022-12-12,51.2354945,38.9005374732143
2022-12-13,49.3423133333333,40.8478230684524
2022-12-14,39.8405021041667,42.0156049464286
2022-12-15,45.3623968125,43.5336392053571
2022-12-16,35.011854375,43.0866914970238
2022-12-17,28.5240642708333,41.511899
2022-12-18,27.8712708333333,39.5982708898809
2022-12-19,19.8294175,35.1116884613095
2022-12-20,15.255250625,30.2421080744048
2022-12-21,19.8790501875,27.3904720863095
2022-12-22,19.7929459375,23.737693389881
2022-12-23,16.6483333333333,21.1143332410714
2022-12-24,10.71248125,18.5698213809524
2022-12-25,10.7658756041667,16.1261934910714
2022-12-26,4.98602102083333,14.0057082797619
2022-12-27,9.918801875,13.2433584583333
2022-12-28,7.10245197916667,11.4181301428571
2022-12-29,12.433,10.3667092946429
2022-12-30,3.60137847916667,8.50285860119048
2022-12-31,14.7476955416667,9.07931778571428
2023-01-01,12.8968964583333,9.38374933630952
2023-01-02,9.37665327083334,10.010982514881
2023-01-03,16.3511044375,10.9298828809524
2023-01-04,4.80887804166667,10.6022294613095
2023-01-05,11.9223127708333,10.5292741428571
2023-01-06,10.2432439583333,11.4781120684524
2023-01-07,8.72501122916667,10.6177285952381
2023-01-08,11.390061875,10.4024665119048
2023-01-09,15.1893698125,11.2328545892857
2023-01-10,14.1761666666667,10.9221491934524
2023-01-11,11.2938325,11.8485712589286
2023-01-12,11.1611674166667,11.7398362083333
2023-01-13,15.2055216458333,12.4487330208333
2023-01-14,11.1299153958333,12.7922907589286
2023-01-15,13.1536292291667,13.044228952381
2023-01-16,12.4329591041667,12.6504559940476
2023-01-17,15.7405634166667,12.8739412440476
2023-01-18,16.8798754166667,13.671947375
2023-01-19,17.1698698541667,14.5303334375
2023-01-20,15.60692925,14.5876773809524
2023-01-21,15.6452699166667,15.2327280267857
2023-01-22,13.61225,15.2982452797619
2023-01-23,14.5133801041667,15.5954482797619
2023-01-24,14.2884175,15.3879988630952
2023-01-25,17.8760427708333,15.530308485119
2023-01-26,16.6226116458333,15.4521287410714
2023-01-27,15.702125,15.4657281339286
2023-01-28,15.0920833333333,15.3867014791667
2023-01-29,8.8794375,14.7105854077381
2023-01-30,14.7671883333333,14.7468437261905
2023-01-31,15.0689583333333,14.8583495595238
2023-02-01,13.8187805208333,14.2787406666667
2023-02-02,13.7242330833333,13.8646865863095
2023-02-03,14.2199791666667,13.6529514672619
2023-02-04,12.0233790625,13.2145651428571
2023-02-05,12.7619118958333,13.7692043422619
2023-02-06,16.7474904166667,14.052104639881
2023-02-07,16.6155246041667,14.2730426785714
2023-02-08,14.8921984166667,14.4263880922619
2023-02-09,14.5810607708333,14.548792047619
2023-02-10,13.780625,14.4860271666667
2023-02-11,16.4176443958333,15.1137793571429
2023-02-12,15.2004011041667,15.4621349583333
2023-02-13,14.6940867083333,15.1687915714286
2023-02-14,18.1425239166667,15.3869343303571
2023-02-15,14.323833125,15.3057392886905
2023-02-16,11.1549583333333,14.8162960833333
2023-02-17,10.0718212083333,14.2864669702381
2023-02-18,10.8677916666667,13.4936308660714
2023-02-19,10.3208958333333,12.7965586845238
2023-02-20,9.82959585416667,12.1016314196429
2023-02-21,14.5449997916667,11.5876994017857
2023-02-22,13.2864591666667,11.4395031220238
2023-02-23,12.7902708333333,11.6731191934524
2023-02-24,12.8848755208333,12.0749840952381
2023-02-25,13.7665838125,12.4890972589286
2023-02-26,11.8276744166667,12.7043513422619
2023-02-27,15.5803529791667,13.5258880744048
2023-02-28,12.628591875,13.252115514881
2023-03-01,12.1847368125,13.0947266071429
2023-03-02,13.1042846666667,13.1395857261905
2023-03-03,17.4519382083333,13.7920232529762
2023-03-04,16.00734825,14.1121324583333
2023-03-05,14.9456253333333,14.5575540178571
2023-03-06,14.1504145208333,14.3532770952381
2023-03-07,23.8180623125,15.9517728720238
2023-03-08,15.4845833333333,16.4231795178571
2023-03-09,15.7772397708333,16.8050302470238
2023-03-10,13.6869166666667,16.2671700267857
2023-03-11,13.0066458333333,15.8384982529762
2023-03-12,11.3913488541667,15.3307444702381
2023-03-13,10.4141588125,14.7969936547619
2023-03-14,17.9325626458333,13.9562079880952
2023-03-15,13.3621525,13.6530035833333
2023-03-16,12.2014591666667,13.1421777827381
2023-03-17,14.3249160208333,13.233320547619
2023-03-18,10.5151875,12.8773979285714
2023-03-19,11.8136265833333,12.9377233184524
2023-03-20,16.3295,13.7827720595238
2023-03-21,9.80441616666667,12.6216082767857
2023-03-22,8.71708252083333,11.9580268511905
2023-03-23,8.84296202083333,11.4782415446429
2023-03-24,2.04302285416666,9.72368537797619
2023-03-25,6.5200625,9.15295323511905
2023-03-26,13.2356033478261,9.35609277290373
2023-03-27,9.05402022916667,8.31673851992754
2023-03-28,13.0937341041667,8.78664108242753
2023-03-29,12.517507375,9.32955891873706
2023-03-30,10.9292574375,9.62760112111801
2023-03-31,11.1811574166667,10.9330489157609
2023-04-01,11.3705951041667,11.6259821449275
2023-04-02,13.9974599791667,11.7348188065476
2023-04-03,10.7001461041667,11.9699796458333
2023-04-04,10.0894375,11.5407944166667
2023-04-05,10.116875,11.1978469345238
2023-04-06,9.23080879166667,10.9552114136905
2023-04-07,8.6765203125,10.5974061130952
2023-04-08,11.0584546458333,10.5528146190476
2023-04-09,6.08069102083333,9.421847625
2023-04-10,-0.933705583333333,7.7598688125
2023-04-11,7.63209408333333,7.40881975297619
2023-04-12,10.31425,7.43701618154762
2023-04-13,10.19048,7.57411206845238
2023-04-14,10.1133045416667,7.77936695833333
2023-04-15,9.78991729166667,7.59814733630952
2023-04-16,11.4746483958333,8.36871267559524
2023-04-17,14.2343961875,10.5355843571429
2023-04-18,10.5843381041667,10.9573335029762
2023-04-19,8.97417247916667,10.7658938571429
2023-04-20,9.96997983333333,10.7343938333333
2023-04-21,10.7670833333333,10.8277908035714
2023-04-22,9.53137602083333,10.7908563363095
2023-04-23,10.8605833333333,10.7031327559524
2023-04-24,9.44047916666667,10.0182874672619
2023-04-25,8.66344635416666,9.74387436011905
2023-04-26,8.8938545625,9.73240037202381
2023-04-27,10.0642721666667,9.74587070535714
2023-04-28,12.5740128958333,10.0040035
2023-04-29,10.1916988125,10.098335327381
2023-04-30,9.1288125,9.85093949404762
2023-05-01,9.0575,9.79622818452381
2023-05-02,9.64154002083333,9.93595585119048
2023-05-03,7.52578275,9.74051702083333
2023-05-04,6.325271125,9.20637401488095
2023-05-05,8.928483625,8.68558411904762
2023-05-06,9.45572916666667,8.58044559821429
2023-05-07,7.79327083333333,8.38965393154762
2023-05-08,9.71185602083333,8.48313336309524
2023-05-09,9.089654,8.40429250297619
2023-05-10,8.37441802083333,8.52552611309524
2023-05-11,9.3768335625,8.96146360416667
2023-05-12,8.69670833333333,8.92835284821429
2023-05-13,10.7684353333333,9.11588230059524
2023-05-14,9.1178549375,9.30510860119047
2023-05-15,7.93672916666667,9.05151905059524
2023-05-16,6.48781447916667,8.67982769047619
2023-05-17,6.50516241666667,8.41279117559524
2023-05-18,6.79568883333333,8.04405621428571
2023-05-19,8.4699796875,8.0116664077381
2023-05-20,5.49231239583333,7.25793455952381
2023-05-21,7.36941552083333,7.0081575
2023-05-22,8.00133314583333,7.01738663988095
2023-05-23,6.50135497916667,7.01932099702381
2023-05-24,5.67295027083333,6.90043354761905
2023-05-25,7.21443791666667,6.9602548452381
2023-05-26,6.08038272916667,6.61888385119048
2023-05-27,3.8705658125,6.38720576785714
2023-05-28,3.66932939583333,5.85862203571429
2023-05-29,2.64999010416667,5.09414445833333
2023-05-30,8.71365777083333,5.41018771428571
2023-05-31,7.49651508333334,5.67069697321429
2023-06-01,7.18541666666667,5.66655108035714
2023-06-02,5.13178266666667,5.53103678571429
2023-06-03,6.655220125,5.92884454464286
2023-06-04,7.46215116666667,6.47067622619048
2023-06-05,7.82196589583333,7.20952991071429
2023-06-06,10.3619234375,7.44499643452381
2023-06-07,6.70484404166667,7.33190057142857
2023-06-08,6.67357785416667,7.25878074107143
2023-06-09,8.1353125,7.68785643154762
2023-06-10,9.26883327083333,8.06122973809524
2023-06-11,13.1555045625,8.8745659375
2023-06-12,13.6202637083333,9.70289419642857
2023-06-13,9.45050002083334,9.57269085119048
2023-06-14,9.77632202083333,10.0114734196429
2023-06-15,10.6997494375,10.5866407886905
2023-06-16,9.52495125,10.785160610119
2023-06-17,9.4349736875,10.8088949553571
2023-06-18,9.5303755625,10.2910193839286
2023-06-19,8.44828083333333,9.5521646875
2023-06-20,10.1527561666667,9.65248699404762
2023-06-21,9.32497825,9.5880093125
2023-06-22,9.89306791666667,9.47276909523809
2023-06-23,9.09895733333334,9.41191282142857
2023-06-24,10.3133114375,9.53738964285715
2023-06-25,10.7069560625,9.70547257142857
2023-06-26,8.49968764583333,9.71281640178572
2023-06-27,8.47490104166667,9.4731228125
2023-06-28,10.960644625,9.7067894375
2023-06-29,8.35860416666667,9.48758033035714
2023-06-30,6.712283375,9.1466269077381
2023-07-01,0.0883613541666673,7.68591975297619
2023-07-02,-0.489954104166666,6.0863611577381
2023-07-03,2.351225875,5.20800947619048
2023-07-04,8.68956297916667,5.23867546726191
2023-07-05,7.06126339583333,4.68162100595238
2023-07-06,8.82218791666667,4.74784725595238
2023-07-07,5.70646422916667,4.60415880654762
2023-07-08,9.96900039583333,6.01567866964286
2023-07-09,9.9170625,7.50239532738095
2023-07-10,9.05131295833333,8.459550625
2023-07-11,8.93126939583333,8.49408011309524
2023-07-12,8.97884845833333,8.76802083630952
2023-07-13,6.30570260416667,8.40852293452381
2023-07-14,7.39827083333333,8.65020959226191
2023-07-15,3.74924604166667,7.76167325595238
2023-07-16,2.60431347916667,6.71699482440476
2023-07-17,4.60634233333333,6.08199902083333
2023-07-18,8.39435370833333,6.00529677976191
2023-07-19,8.82172783333333,5.98285097619048
2023-07-20,9.33537527083334,6.41566135714286
2023-07-21,7.97122295833333,6.49751166071429
2023-07-22,7.20712875,6.99149490476191
2023-07-23,1.55422041666667,6.84148161011905
2023-07-24,10.97965625,7.75195502678572
2023-07-25,8.51833320833334,7.76966638392857
2023-07-26,8.56780045833333,7.73339104464286
2023-07-27,8.74376758333333,7.64887566071429
2023-07-28,8.2012594375,7.68173801488095
2023-07-29,6.13802227083333,7.52900851785714
2023-07-30,5.45946422916667,8.08690049107143
2023-07-31,6.77289604166667,7.48593474702381
2023-08-01,6.60958333333333,7.21325619345238
2023-08-02,6.81368725,6.96266859226191
2023-08-03,9.39958320833333,7.05635653869048
2023-08-04,7.925938,7.01702490476191
2023-08-05,6.30604585416667,7.04102827380952
2023-08-06,7.77283685416667,7.37151007738095
2023-08-07,6.0287085625,7.26519758035714
2023-08-08,6.37933360416667,7.23230476190476
2023-08-09,7.48124552083333,7.32767022916667
2023-08-10,9.63603616666667,7.36144922321429
2023-08-11,6.54601166666667,7.16431688988095
2023-08-12,7.30299564583333,7.30673828869048
2023-08-13,7.61470847916667,7.28414852083333
2023-08-14,9.44158439583333,7.77170221130952
2023-08-15,9.457389875,8.21142453571429
2023-08-16,8.13194866666666,8.30438212797619
2023-08-17,6.97622316666667,7.9244088422619
2023-08-18,6.25758985416667,7.88320572619048
2023-08-19,4.15478875,7.43346188392857
2023-08-20,8.28081416666667,7.52861983928572
2023-08-21,9.89865791666667,7.59391605654762
2023-08-22,9.16015114583333,7.55145338095238
2023-08-23,9.51588177083333,7.74915811011905
2023-08-24,9.64789577083333,8.130825625
2023-08-25,8.29671491666667,8.42212920535714
2023-08-26,6.98877120833333,8.82698384226191
2023-08-27,6.97155102083333,8.63994625
2023-08-28,9.84237795833333,8.63190625595238
2023-08-29,8.46141416666667,8.5320866875
2023-08-30,8.21039583333333,8.34558869642857
2023-08-31,8.0146875625,8.11227323809524
2023-09-01,10.1512686666667,8.37720948809524
2023-09-02,8.240301,8.55599945833333
2023-09-03,6.64976454166667,8.51002996130952
2023-09-04,8.0575625,8.25505632440476
2023-09-05,8.45765539583333,8.25451935714286
2023-09-06,8.5558125,8.30386459523809
2023-09-07,8.68260275,8.39928105059524
2023-09-08,10.5932320416667,8.46241867559524
2023-09-09,10.104771625,8.72877162202381
2023-09-10,9.4228875,9.12493204464286
2023-09-11,9.04500939583333,9.26599588690476
2023-09-12,8.919661125,9.33199670535714
2023-09-13,7.78412841666667,9.22175612202381
2023-09-14,8.1785185625,9.1497440952381
2023-09-15,9.59981495833333,9.00782736904762
2023-09-16,8.5165625,8.78094035119048
2023-09-17,9.42632210416667,8.78143100892857
2023-09-18,6.99660541666667,8.48880186904762
2023-09-19,5.34473,7.97809742261905
2023-09-20,7.11073302083333,7.88189808035714
2023-09-21,6.13716504166667,7.59027614880952
2023-09-22,7.8862200625,7.34547687797619
2023-09-23,7.75403541666667,7.2365444375
2023-09-24,0.209916145833333,5.91991501488095
2023-09-25,2.57197483333334,5.28782493154762
2023-09-26,9.21855091666667,5.84122791964286
2023-09-27,9.54808375,6.18942088095238
2023-09-28,10.318,6.78668301785714
2023-09-29,7.76741666666667,6.76971110416667
2023-09-30,10.3453325833333,7.13989641369048
2023-10-01,8.15836460416667,8.27538905059524
2023-10-02,8.013772125,9.05278866369048
2023-10-03,3.56297872916667,8.24484977976191
2023-10-04,6.81290822916667,7.85411041964286
2023-10-05,4.9854905625,7.09232335714286
2023-10-06,1.89566447916667,6.25350161607143
2023-10-07,5.66863808333333,5.58540240178571
2023-10-08,7.71130966666667,5.52153741071429
2023-10-09,8.96447308333333,5.65735183333333
2023-10-10,10.07675,6.58789058630953
2023-10-11,8.78783333333334,6.87002274404762
2023-10-12,11.4249735833333,7.78994888988095
2023-10-13,8.52499020833333,8.73699542261905
2023-10-14,3.2097314375,8.38572304464286
2023-10-15,7.20367777083333,8.31320420238095
2023-10-16,11.8200357708333,8.72114172916667
2023-10-17,8.58552083333333,8.50810899107143
2023-10-18,10.8700840416667,8.80557337797619
2023-10-19,9.50634033333333,8.53148291369048
2023-10-20,9.99683204166666,8.74174603273809
2023-10-21,11.5907780833333,9.93903841071429
2023-10-22,14.2508541666667,10.9457778958333
2023-10-23,13.5957076458333,11.1994453065476
2023-10-24,13.7656115625,11.9394582678571
2023-10-25,12.2894816875,12.142229360119
2023-10-26,10.8630835416667,12.3360498184524
2023-10-27,11.8355625,12.5987255982143
2023-10-28,12.4631458333333,12.7233495625
2023-10-29,8.77712076,11.9413876472619
2023-10-30,9.91602083333332,11.415718102619
2023-10-31,9.83987910416667,10.85489918
2023-11-01,7.62987933333334,10.1892417008333
2023-11-02,7.82478435416666,9.7551989597619
2023-11-03,8.56396168749999,9.28782741511904
2023-11-04,9.82475035416667,8.91091377523809
2023-11-05,9.513375,9.01609295238095
2023-11-06,6.99383354166667,8.598637625
2023-11-07,10.1351462083333,8.64081863988095
2023-11-08,9.7924368125,8.94975542261905
2023-11-09,8.42520854166667,9.03553030654762
2023-11-10,6.77022916666667,8.77928280357143
2023-11-11,7.88251283333334,8.50182030059524
2023-11-12,9.71467145833333,8.5305769375
2023-11-13,7.9935625,8.67339536011905
2023-11-14,8.11016454166667,8.38411226488095
2023-11-15,10.5126076666667,8.48699381547619
2023-11-16,11.8097449583333,8.97049901785715
2023-11-17,9.6072284375,9.37578462797619
2023-11-18,8.85393960416667,9.51455988095238
2023-11-19,6.97381220833333,9.12300855952381
2023-11-20,9.563272125,9.34725279166667
2023-11-21,9.3392391875,9.52283488392857
2023-11-22,8.832854375,9.28287012797619
2023-11-23,5.545095875,8.38792025892857
2023-11-24,7.90753277083333,8.14510659226191
2023-11-25,8.822,8.14054379166667
2023-11-26,9.44408989583333,8.49344060416667
2023-11-27,9.64974591666667,8.50579400297619
2023-11-28,11.1896462708333,8.77013787202381
2023-11-29,10.5276875,9.01225688988095
2023-11-30,13.5720087708333,10.1589587321429
2023-12-01,12.0566478958333,10.7516894642857
2023-12-02,15.1908061666667,11.6615189166667
2023-12-03,10.0193958333333,11.7437054791667
2023-12-04,9.9657500625,11.7888489285714
2023-12-05,9.9784110625,11.615815327381
2023-12-06,11.7291876458333,11.7874582053571
2023-12-07,10.2800774583333,11.3171823035714
2023-12-08,8.87638754166667,10.8628593958333
2023-12-09,5.03895510416667,9.41259495833333
2023-12-10,8.610333625,9.21130035714286
2023-12-11,8.14959520833334,8.95184966369048
2023-12-12,8.15882122916667,8.69190825892857
2023-12-13,7.86308333333333,8.13960764285714
2023-12-14,8.67924889583333,7.91091784821429
2023-12-15,7.3023418125,7.68605417261905
2023-12-16,5.83876520833333,7.80031275892857
2023-12-17,6.75441708333333,7.53518182440476
2023-12-18,6.515251375,7.30170413392857
2023-12-19,6.31641789583333,7.0385036577381
2023-12-20,3.10098627083333,6.35820407738095
2023-12-21,4.41304579166667,5.74874649107143
2023-12-22,5.2382318125,5.45387363392857
2023-12-23,3.6689470625,5.14389961309524
2023-12-24,0.615541666666668,4.26691741071429
2023-12-25,3.54922833333333,3.84319983333333
2023-12-26,5.25579297916667,3.69168198809524
2023-12-27,4.1076675,3.83549359226191
2023-12-28,1.7693323125,3.45782023809524
2023-12-29,6.59659825,3.65187258630952
2023-12-30,5.3667078125,3.89440983630952
2023-12-31,3.20161039583333,4.26384822619048
2024-01-01,6.2200393125,4.64539265178571
2024-01-02,3.97101504166667,4.46185294642857
2024-01-03,7.81591583333333,4.99160270833333
2024-01-04,7.20929864583333,5.76874075595238
2024-01-05,7.8403488125,5.9464194077381
2024-01-06,7.97840529166667,6.31951904761905
2024-01-07,8.9375470625,7.13893857142857
2024-01-08,8.09318166666667,7.40653033630952
2024-01-09,6.52915222916667,7.77197850595238
2024-01-10,8.9684379375,7.93662452083333
2024-01-11,9.25793777083333,8.22928725297619
2024-01-12,10.6773761041667,8.63457686607143
2024-01-13,8.65705929166667,8.7315274375
2024-01-14,8.86885191666667,8.72171384523809
2024-01-15,8.3605765,8.75991310714286
2024-01-16,8.63010491666667,9.06004920535714
2024-01-17,7.46434633333333,8.84517897619048
2024-01-18,8.7409255625,8.77132008928571
2024-01-19,7.51101458333333,8.31898272916667
2024-01-20,7.97404166666667,8.2214087827381
2024-01-21,7.90279166666667,8.08340017559524
2024-01-22,7.09044645833333,7.90195302678571
2024-01-23,5.31397916666667,7.42822077678572
2024-01-24,4.71470779166667,7.03541527083333
2024-01-25,6.92832858333333,6.7764728452381
2024-01-26,5.105630625,6.43284656547619
2024-01-27,4.72413570833333,5.96857428571429
2024-01-28,6.44570075,5.76041844047619
2024-01-29,8.61607902083333,5.97836594940476
2024-01-30,5.75820645833333,6.04182699107143
2024-01-31,5.7993575625,6.19677695833333
2024-02-01,5.33930997916667,5.96977430059524
2024-02-02,5.09132966666667,5.96773130654762
2024-02-03,3.26369089583333,5.75909633333333
2024-02-04,3.11395241666667,5.28313228571429
2024-02-05,5.26898202083333,4.80497557142857
2024-02-06,5.401979375,4.75408598809524
2024-02-07,7.05378508333333,4.93328991964286
2024-02-08,6.78107847916666,5.13925684821429
2024-02-09,5.348997,5.1760664672619
2024-02-10,7.10538745833333,5.72488026190476
2024-02-11,6.25204741666667,6.17317954761905
2024-02-12,6.28150022916667,6.31782500595238
2024-02-13,6.30599541666667,6.44697015476191
2024-02-14,5.5439278125,6.23127625892857
2024-02-15,5.58729208333333,6.0607353452381
2024-02-16,6.89579872916667,6.28170702083333
2024-02-17,6.22215122916667,6.15553041666667
2024-02-18,5.16960416666667,6.00089566666667
2024-02-19,4.56855833333333,5.75618968154762
2024-02-20,4.79860416666667,5.54084807440476
2024-02-21,5.04938197916667,5.47019866964286
2024-02-22,7.0477393125,5.67883398809524
2024-02-23,5.874250125,5.53289847321429
2024-02-24,7.30415647916667,5.68747065178571
2024-02-25,6.04951241666667,5.81317183035714
2024-02-26,5.48637060416667,5.94428786904762
2024-02-27,5.632894,6.06347213095238
2024-02-28,6.65929166666667,6.29345922916667
2024-02-29,6.37306470833333,6.19707714285714
2024-03-01,7.9773365,6.49751805357143
2024-03-02,6.27480245833333,6.35046747916667
2024-03-03,5.94106622916667,6.33497516666667
2024-03-04,6.54022772916667,6.48552618452381
2024-03-05,6.83806925,6.65769407738095
2024-03-06,6.97546979166667,6.70286238095238
2024-03-07,6.98896910416667,6.79084872321429
2024-03-08,7.4020411875,6.70866367857143
2024-03-09,6.96061783333333,6.80663730357143
2024-03-10,6.19904166666667,6.8434909375
2024-03-11,8.33171441666667,7.09941760714286
2024-03-12,6.6904064375,7.07832291964286
2024-03-13,6.195385625,6.96688232440476
2024-03-14,7.51654429166667,7.04225020833333
2024-03-15,3.974122375,6.55254752083333
2024-03-16,6.70446966666667,6.51595492559524
2024-03-17,7.16650885416667,6.65416452380952
2024-03-18,6.12867258333333,6.33944426190476
2024-03-19,6.63528585416667,6.33156989285714
2024-03-20,8.246045,6.62452123214286
2024-03-21,6.1666239375,6.4316754672619
2024-03-22,4.00131039583333,6.4355594702381
2024-03-23,0.370241229166666,5.53066969345238
2024-03-24,3.88218583333334,5.06148069047619
2024-03-25,7.027848125,5.18993433928571
2024-03-26,6.84649495833333,5.22010706845238
2024-03-27,6.19647972916667,4.92731202976191
2024-03-28,7.26304502083333,5.08394361309524
2024-03-29,8.3970215625,5.71190235119048
2024-03-30,7.22490029166667,6.69113936011905
2024-03-31,6.366942,7.04610452678571
2024-04-01,6.79669485416667,7.01308263095238
2024-04-02,6.12443489583333,6.90993119345238
2024-04-03,6.46102097916667,6.94772280059524
2024-04-04,5.26720833333333,6.66260327380952
2024-04-05,3.40775139583333,5.94985039285714
2024-04-06,2.4843458125,5.27262832440476
2024-04-07,1.02985227083333,4.51018693452381
2024-04-08,5.26865983333333,4.29189621726191
2024-04-09,1.9431464375,3.69456929464286
2024-04-10,4.79859789583334,3.4570802827381
2024-04-11,4.73083804166667,3.38045595535714
2024-04-12,1.58066666666667,3.11944385119048
2024-04-13,-0.112427333333333,2.74847625892857
2024-04-14,0.709771249999999,2.70275039880952
2024-04-15,1.72509716666667,2.19652716071429
2024-04-16,5.0793455625,2.64455560714286
2024-04-17,7.683657375,3.05670696130952
2024-04-18,5.6110615,3.18245316964286
2024-04-19,4.39392352083333,3.58434700595238
2024-04-20,6.92701989583333,4.58998232440476
2024-04-21,4.611052875,5.14730827083333
2024-04-22,7.50706191666667,5.97330323511905
2024-04-23,6.86229314583333,6.2280100327381
2024-04-24,7.5380736875,6.20721236309524
2024-04-25,6.90960958333333,6.39271923214286
2024-04-26,6.90204208333333,6.75102188392857
2024-04-27,8.10891525,6.91986407738095
2024-04-28,5.5225659375,7.05008022916667
2024-04-29,5.81791204166667,6.80877310416667
2024-04-30,5.44286191666667,6.60599721428571
2024-05-01,7.527249875,6.60445095535714
2024-05-02,6.03600147916667,6.47964979761905
2024-05-03,7.32297429166667,6.5397829702381
2024-05-04,7.73597210416667,6.48650537797619
2024-05-05,7.28372360416667,6.73809933035714
2024-05-06,7.41635327083333,6.96644807738095
2024-05-07,6.5407955,7.12329573214286
2024-05-08,6.46442764583333,6.97146398511905
2024-05-09,6.6297716875,7.05628830059524
2024-05-10,6.67734933333333,6.96405616369048
2024-05-11,4.71308795833333,6.53221557142857
2024-05-12,3.32056972916666,5.96605073214286
2024-05-13,9.17110722916667,6.21672986904762
2024-05-14,7.68948579166667,6.38082848214286
2024-05-15,7.90822916666667,6.58708584226191
2024-05-16,7.55225,6.71886845833333
2024-05-17,6.48955854166667,6.69204120238095
2024-05-18,7.4685045625,7.08567214583333
2024-05-19,7.50384454166667,7.68328283333333
2024-05-20,8.1718890625,7.54053738095238
2024-05-21,8.499874625,7.65630721428571
2024-05-22,6.99789583333333,7.5262595952381
2024-05-23,8.26104595833334,7.62751616071429
2024-05-24,9.8614173125,8.10921027083334
2024-05-25,6.5460705625,7.97743398511905
2024-05-26,7.49699539583333,7.97645553571429
2024-05-27,5.71921770833333,7.62607391369048
2024-05-28,8.39207714583333,7.61067427380952
2024-05-29,6.38772027083333,7.52350633630952
2024-05-30,7.09631291666667,7.35711590178571
2024-05-31,8.35395914583333,7.14176473511905
2024-06-01,8.70202927083333,7.44975883630952
2024-06-02,4.52754320833333,7.02555138095238
2024-06-03,8.79172545833333,7.46448105952381
2024-06-04,6.59829539583333,7.20822652380952
2024-06-05,2.9130838125,6.71184988690476
2024-06-06,4.55111333333333,6.34824994642857
2024-06-07,4.00740641666667,5.72731384226191
2024-06-08,3.0971330625,4.92661438392857
2024-06-09,5.12029391666667,5.01129305654762
2024-06-10,5.0778669375,4.48074183928572
2024-06-11,8.07583375,4.69181874702381
2024-06-12,8.57968447916667,5.50133312797619
2024-06-13,8.49869458333333,6.06527330654762
2024-06-14,8.90842233333333,6.7654184375
2024-06-15,9.613734125,7.69636144642857
2024-06-16,1.93594352083333,7.24145424702381
2024-06-17,10.1677275208333,7.9685771875
2024-06-18,8.50584741666667,8.03000771130953
2024-06-19,7.77013427083333,7.91435768154762
2024-06-20,8.048601,7.85005859821429
2024-06-21,8.78469747916667,7.83238361904762
2024-06-22,7.2142295,7.48959724404762
2024-06-23,7.38273472916667,8.26771027380952
2024-06-24,8.35690495833334,8.00902133630953
2024-06-25,8.21848816666667,7.96797001488095
2024-06-26,9.305636375,8.18732745833333
2024-06-27,5.79014827083333,7.86469135416667
2024-06-28,3.9961106875,7.18060752678572
2024-06-29,6.36958414583333,7.0599439047619
2024-06-30,8.46845860416667,7.21504731547619
2024-07-01,8.40095085416667,7.22133958630952
2024-07-02,7.58665502083333,7.13107770833333
2024-07-03,7.15325939583333,6.8235952827381
2024-07-04,2.21178710416667,6.31240083035714
2024-07-05,4.10380725,6.32778605357143
2024-07-06,5.631866625,6.22239783630952
2024-07-07,5.27206039583333,5.76576952083333
2024-07-08,7.02908489583333,5.56978866964286
2024-07-09,8.296583375,5.67120700595238
2024-07-10,6.92855360416667,5.63910617857143
2024-07-11,7.87986589583333,6.4488317202381
2024-07-12,6.12142170833333,6.73706235714286
2024-07-13,6.7180419375,6.89223025892857
2024-07-14,5.36093810416667,6.90492707440476
2024-07-15,7.935558125,7.03442325
2024-07-16,9.0031189375,7.13535690178571
2024-07-17,7.5232755,7.22031717261905
2024-07-18,6.41188239583333,7.01060524404762
2024-07-19,6.560088375,7.07327191071428
2024-07-20,6.47408485416667,7.03842089880953
2024-07-21,7.032240375,7.27717836607143
2024-07-22,8.5432820625,7.36399607142857
2024-07-23,9.91694916666667,7.49454324702381
2024-07-24,8.028355875,7.56669758630952
2024-07-25,7.57207495833333,7.73243938095238
2024-07-26,6.4352639375,7.71460731845238
2024-07-27,6.68156089583333,7.74424675297619
2024-07-28,7.60145147916667,7.825562625
2024-07-29,7.16292022916667,7.62836807738095
2024-07-30,7.23121947916667,7.2446924077381
2024-07-31,7.1612425,7.12081906845238
2024-08-01,8.78573683333333,7.29419933630952
2024-08-02,8.0386374375,7.52325269345238
2024-08-03,7.2013006875,7.59750123511905
2024-08-04,3.80264304166667,7.05481431547619
2024-08-05,5.310125875,6.79012940773809
2024-08-06,6.37483154166667,6.66778827380952
2024-08-07,4.86420866666667,6.33964058333333
2024-08-08,7.71975,6.18735675
2024-08-09,1.707563125,5.2829175625
2024-08-10,1.73650366666667,4.50223227380952
2024-08-11,5.827145,4.79144683928571
2024-08-12,5.9182628125,4.87832354464286
2024-08-13,7.867854375,5.09161252083333
2024-08-14,7.18952408333333,5.4238004375
2024-08-15,4.97477041666667,5.03166049702381
2024-08-16,7.136769,5.80726133630952
2024-08-17,7.99908270833333,6.70191548511905
2024-08-18,5.46528547916667,6.65022126785714
2024-08-19,8.15499320833333,6.96975418154762
2024-08-20,5.07655058333333,6.57099649702381
2024-08-21,0.815369541666667,5.66040299107143
2024-08-22,1.517109375,5.16645141369048
2024-08-23,2.83892716666667,4.55247400892857
2024-08-24,1.81609472916667,3.66919001190476
2024-08-25,0.560816749999999,2.96855162202381
2024-08-26,7.33133347916667,2.85088594642857
2024-08-27,6.14128508333333,3.002990875
2024-08-28,8.72072052083333,4.13232672916667
2024-08-29,8.29762520833333,5.10097184821429
2024-08-30,8.40144558333333,5.89561733630953
2024-08-31,7.86664814583333,6.75998211011905
2024-09-01,6.230793375,7.56997877083333
2024-09-02,9.05527025,7.81625545238095
2024-09-03,8.25476085416667,8.1181805625
2024-09-04,8.169478125,8.03943164880952
2024-09-05,8.01902539583334,7.99963167559524
2024-09-06,9.40124189583333,8.1424597202381
2024-09-07,9.340403375,8.35299618154762
2024-09-08,9.0533153125,8.75621360119048
2024-09-09,7.54756277083333,8.54082681845238
2024-09-10,7.16728860416667,8.38547363988095
2024-09-11,5.29312445833333,7.97456597321429
2024-09-12,5.7185504375,7.64592669345238
2024-09-13,6.944618,7.29498042261905
2024-09-14,2.12159404166666,6.26372194642857
2024-09-15,8.07714595833333,6.12426918154762
2024-09-16,9.20955872916667,6.36169717559524
2024-09-17,7.7545446875,6.44559090178572
2024-09-18,8.22105835416667,6.86386717261905
2024-09-19,8.8839526875,7.31606749404762
2024-09-20,8.18090416666667,7.49267980357143
2024-09-21,9.64576964583333,8.56756203273809
2024-09-22,9.87578877083333,8.82451100595238
2024-09-23,8.2085943125,8.68151608928571
2024-09-24,8.77295141666667,8.82700276488095
2024-09-25,8.059875,8.80397657142857
2024-09-26,7.94272122916667,8.66951493452381
2024-09-27,6.09843747916667,8.37201969345238
2024-09-28,6.61764854166667,7.93943096428571
2024-09-29,8.43605316666667,7.73375444940476
2024-09-30,6.50194047916667,7.48994675892857
2024-10-01,9.04054127083333,7.52817388095238
2024-10-02,9.53445970833333,7.73882883928571
2024-10-03,7.3921805625,7.66018017261905
2024-10-04,8.7404625,8.03761231845238
2024-10-05,7.34706558333333,8.14181475297619
2024-10-06,8.9689770625,8.21794673809524
2024-10-07,6.96308347916667,8.28382430952381
2024-10-08,7.0185630625,7.99497027976191
2024-10-09,6.69650152083333,7.58954768154762
2024-10-10,8.51285447916667,7.74964395535714
2024-10-11,7.51646564583333,7.57478726190476
2024-10-12,7.643875,7.61718860714286
2024-10-13,8.82841666666666,7.59710855059524
2024-10-14,15.715708,8.84748348214286
2024-10-15,9.12189604166667,9.14795962202381
2024-10-16,8.41964664583333,9.39412321130952
2024-10-17,8.87481327083333,9.44583161011905
2024-10-18,7.76827627083333,9.48180455654762
2024-10-19,8.6210715625,9.62140406547619
2024-10-20,3.38241554166667,8.84340390476191
2024-10-21,6.335006,7.50330361904762
2024-10-22,6.64952291666667,7.15010745833333
2024-10-23,8.58372291666667,7.17354692559524
2024-10-24,8.928925,7.18127717261905
2024-10-25,10.3815604166667,7.55460347916667
2024-10-26,8.61847083333333,7.55423194642857
2024-10-27,4.092872,7.65572572619048
2024-10-28,7.60406831249999,7.8370517472619
2024-10-29,8.93233541666666,8.16316683654761
2024-10-30,8.86391458333333,8.203194405
2024-10-31,7.97489166666666,8.06689959845238
2024-11-01,9.25534166666666,7.90601153595238
2024-11-02,8.26467708333333,7.85549259845238
2024-11-03,9.1125625,8.57254160416666
2024-11-04,9.11352439583333,8.78822747619047
2024-11-05,11.04864375,9.09053829464285
2024-11-06,9.57978333333333,9.19279920833333
2024-11-07,8.83919375,9.31624911011904
2024-11-08,10.0664895833333,9.43212767857143
2024-11-09,8.99416458333333,9.53633727083333
2024-11-10,8.32563125,9.42391866369047
